Period,Total,Postgrado,Pregrado
2025-1,7834.69073893334,2056,5779
2025-2,6696.038190966557,1757,4939
2026-1,7825.218501682501,2053,5772
2026-2,6621.973727696191,1738,4884
2027-1,7779.678761311066,2041,5738
2027-2,6563.919212306594,1722,4841
2028-1,7727.2385903171535,2028,5700
2028-2,6508.995878466889,1708,4801
2029-1,7673.434071381493,2014,5660
2029-2,6454.695438691381,1694,4761
