Period,Total,Postgrado,Pregrado
2025-1,59726.62348015321,5614,54113
2025-2,38664.374438754334,3634,35030
2026-1,58729.56516399912,5520,53209
2026-2,36235.90914302496,3406,32830
2027-1,56119.624630319515,5275,50845
2027-2,34753.6620499798,3267,31487
2028-1,54779.15068141582,5149,49630
2028-2,32513.365241781663,3056,29457
2029-1,52425.672879043675,4928,47498
2029-2,30877.35501699325,2902,27975
